{"skeleton":{"hash":"/3Qa/YHI2M4","spine":"4.1.24","x":-193,"y":-39.27,"width":386,"height":86,"images":"","audio":""},"bones":[{"name":"root"},{"name":"bone9","parent":"root","x":-100,"y":-288.93},{"name":"bone","parent":"bone9","x":-50,"y":93.66},{"name":"bone2","parent":"bone","y":155.9},{"name":"o","parent":"bone2","y":43.1},{"name":"bone3","parent":"bone9","x":50,"y":93.66},{"name":"bone4","parent":"bone3","y":155.9},{"name":"o2","parent":"bone4","y":43.1},{"name":"bone10","parent":"root","x":100,"y":-288.93},{"name":"bone5","parent":"bone10","x":-50,"y":93.66},{"name":"bone6","parent":"bone5","y":155.9},{"name":"o3","parent":"bone6","y":43.1},{"name":"bone7","parent":"bone10","x":50,"y":93.66},{"name":"bone8","parent":"bone7","y":155.9},{"name":"o4","parent":"bone8","y":43.1}],"slots":[{"name":"o","bone":"o","attachment":"o"},{"name":"o2","bone":"o2","attachment":"o"},{"name":"o3","bone":"o3","attachment":"o"},{"name":"o4","bone":"o4","attachment":"o"}],"skins":[{"name":"default","attachments":{"o":{"o":{"width":86,"height":86}},"o2":{"o":{"width":86,"height":86}},"o3":{"o":{"width":86,"height":86}},"o4":{"o":{"width":86,"height":86}}}}],"animations":{"animation":{"slots":{"o":{"rgba":[{"color":"0df051ff","curve":"stepped"},{"time":0.5,"color":"0df051ff","curve":[0.556,0.05,0.611,0.94,0.556,0.94,0.611,0.42,0.556,0.32,0.611,0.24,0.556,1,0.611,1]},{"time":0.6667,"color":"f06a3cff","curve":"stepped"},{"time":1.5,"color":"f06a3cff","curve":[1.544,0.94,1.589,0.28,1.544,0.42,1.589,0.86,1.544,0.24,1.589,0.89,1.544,1,1.589,1]},{"time":1.6333,"color":"47dce4ff","curve":"stepped"},{"time":3.1667,"color":"47dce4ff","curve":[3.222,0.28,3.278,0.05,3.222,0.86,3.278,0.94,3.222,0.89,3.278,0.32,3.222,1,3.278,1]},{"time":3.3333,"color":"0df051ff"}]},"o2":{"rgba":[{"color":"0df051ff","curve":"stepped"},{"time":0.5,"color":"0df051ff","curve":[0.556,0.05,0.611,0.94,0.556,0.94,0.611,0.42,0.556,0.32,0.611,0.24,0.556,1,0.611,1]},{"time":0.6667,"color":"f06a3cff","curve":"stepped"},{"time":1.5,"color":"f06a3cff","curve":[1.544,0.94,1.589,0.28,1.544,0.42,1.589,0.86,1.544,0.24,1.589,0.89,1.544,1,1.589,1]},{"time":1.6333,"color":"47dce4ff","curve":"stepped"},{"time":3.1667,"color":"47dce4ff","curve":[3.222,0.28,3.278,0.05,3.222,0.86,3.278,0.94,3.222,0.89,3.278,0.32,3.222,1,3.278,1]},{"time":3.3333,"color":"0df051ff"}]},"o3":{"rgba":[{"color":"0df051ff","curve":"stepped"},{"time":0.5,"color":"0df051ff","curve":[0.556,0.05,0.611,0.94,0.556,0.94,0.611,0.42,0.556,0.32,0.611,0.24,0.556,1,0.611,1]},{"time":0.6667,"color":"f06a3cff","curve":"stepped"},{"time":1.5,"color":"f06a3cff","curve":[1.544,0.94,1.589,0.28,1.544,0.42,1.589,0.86,1.544,0.24,1.589,0.89,1.544,1,1.589,1]},{"time":1.6333,"color":"47dce4ff","curve":"stepped"},{"time":3.1667,"color":"47dce4ff","curve":[3.222,0.28,3.278,0.05,3.222,0.86,3.278,0.94,3.222,0.89,3.278,0.32,3.222,1,3.278,1]},{"time":3.3333,"color":"0df051ff"}]},"o4":{"rgba":[{"color":"0df051ff","curve":"stepped"},{"time":0.5,"color":"0df051ff","curve":[0.556,0.05,0.611,0.94,0.556,0.94,0.611,0.42,0.556,0.32,0.611,0.24,0.556,1,0.611,1]},{"time":0.6667,"color":"f06a3cff","curve":"stepped"},{"time":1.5,"color":"f06a3cff","curve":[1.544,0.94,1.589,0.28,1.544,0.42,1.589,0.86,1.544,0.24,1.589,0.89,1.544,1,1.589,1]},{"time":1.6333,"color":"47dce4ff","curve":"stepped"},{"time":3.1667,"color":"47dce4ff","curve":[3.222,0.28,3.278,0.05,3.222,0.86,3.278,0.94,3.222,0.89,3.278,0.32,3.222,1,3.278,1]},{"time":3.3333,"color":"0df051ff"}]}},"bones":{"bone8":{"rotate":[{},{"time":0.1667,"value":-20},{"time":0.3333,"value":20},{"time":0.5}]},"o4":{"rotate":[{"time":0.5},{"time":0.6667,"value":10},{"time":0.8333,"value":-110},{"time":1,"value":-90,"curve":"stepped"},{"time":1.5,"value":-90},{"time":1.6667,"value":-80},{"time":1.8333,"value":-290},{"time":2,"value":-270}]},"bone7":{"translatex":[{"time":1.5},{"time":1.6667,"value":-10},{"time":1.8333,"value":120},{"time":2,"value":110,"curve":"stepped"},{"time":3.1667,"value":110},{"time":3.3333,"value":120},{"time":3.5,"value":50},{"time":3.6333,"value":60}],"translatey":[{"time":1.6667},{"time":1.8333,"value":-99.45,"curve":"stepped"},{"time":3.3333,"value":-99.45},{"time":3.5,"value":-38.93}]},"bone6":{"rotate":[{},{"time":0.1667,"value":-20},{"time":0.3333,"value":20},{"time":0.5}]},"o3":{"rotate":[{"time":2},{"time":2.1667,"value":-12.21},{"time":2.3333,"value":190},{"time":2.5,"value":180,"curve":"stepped"},{"time":3.1667,"value":180},{"time":3.3333,"value":190},{"time":3.5,"value":-10},{"time":3.6667}]},"bone5":{"translatex":[{"time":1.5},{"time":1.6667,"value":-10},{"time":1.8333,"value":125},{"time":2,"value":110},{"time":2.1667,"value":130},{"time":2.3333},{"time":2.5,"value":10},{"time":2.6667},{"time":2.8333,"value":220,"curve":"stepped"},{"time":3,"value":220},{"time":3.1667,"value":210},{"time":3.3333,"value":200},{"time":3.5,"value":260}],"translatey":[{"time":3.3333},{"time":3.5,"value":-38.93}]},"o2":{"rotate":[{"time":1},{"time":1.1667,"value":10},{"time":1.3333,"value":-110},{"time":1.5,"value":-90}]},"bone10":{"translatex":[{},{"time":0.1667,"value":20},{"time":0.3333,"value":-110},{"time":0.5,"value":-100},{"time":0.6667,"value":-110},{"time":0.8333,"value":-40},{"time":1,"value":-50},{"time":1.1667,"value":-40},{"time":1.3333,"value":-160},{"time":1.5,"value":-150},{"time":1.6667,"value":-160}],"translatey":[{"time":0.1667},{"time":0.3333,"value":38.93}]},"bone9":{"translatex":[{},{"time":0.1667,"value":-20},{"time":0.3333,"value":110},{"time":0.5,"value":100},{"time":0.6667,"value":110},{"time":0.8333,"value":40},{"time":1,"value":50},{"time":1.1667,"value":40},{"time":1.3333,"value":160},{"time":1.5,"value":150},{"time":1.6667,"value":160},{"time":1.8333,"value":40},{"time":2,"value":50,"curve":"stepped"},{"time":3.1667,"value":50},{"time":3.3333,"value":60},{"time":3.5,"value":-10},{"time":3.6667}],"translatey":[{"time":0.1667},{"time":0.3333,"value":-61.07,"curve":"stepped"},{"time":3.3333,"value":-61.07},{"time":3.5}]}}}}}