{"skeleton":{"hash":"2Fek+zE4G5I","spine":"4.1.24","x":-348.35,"y":132.26,"width":488,"height":414,"images":"","audio":"D:/Job/H2/Hand"},"bones":[{"name":"root"},{"name":"bone","parent":"root","y":-198.8},{"name":"wrist","parent":"bone","length":504.38,"rotation":136,"x":57.72,"y":384.31}],"slots":[{"name":"wrist","bone":"wrist","attachment":"wrist"}],"skins":[{"name":"default","attachments":{"wrist":{"wrist":{"x":223.39,"y":1.99,"rotation":-136,"width":488,"height":414}}}}],"animations":{"Click":{"bones":{"root":{"rotate":[{"curve":"stepped"},{"time":0.5}],"translate":[{"curve":"stepped"},{"time":0.5}],"scale":[{"curve":"stepped"},{"time":0.5}]},"bone":{"rotate":[{"curve":"stepped"},{"time":0.6667,"curve":"stepped"},{"time":1.5667,"curve":"stepped"},{"time":2.5,"curve":"stepped"},{"time":3.1667}],"translate":[{"curve":"stepped"},{"time":0.6667,"curve":"stepped"},{"time":1.5667,"curve":"stepped"},{"time":2.5,"curve":"stepped"},{"time":3.1667}],"scale":[{"curve":"stepped"},{"time":0.6667,"curve":"stepped"},{"time":1.5667,"curve":"stepped"},{"time":2.5,"curve":"stepped"},{"time":3.1667}]},"wrist":{"rotate":[{"curve":"stepped"},{"time":0.5,"curve":[0.625,0,0.875,12.47]},{"time":1,"value":12.47,"curve":[1.125,12.47,1.375,0]},{"time":1.5,"curve":[1.625,0,1.875,12.47]},{"time":2,"value":12.47,"curve":[2.125,12.47,2.375,0]},{"time":2.5,"curve":"stepped"},{"time":3.1667}],"translate":[{"curve":"stepped"},{"time":0.5}],"scale":[{"curve":"stepped"},{"time":0.5}]}}},"Rightandleft":{"slots":{"wrist":{"rgba":[{"time":0.2667,"color":"ffffffff","curve":[0.389,1,0.511,1,0.389,1,0.511,1,0.389,1,0.511,1,0.389,1,0.511,0]},{"time":0.6333,"color":"ffffff00","curve":"stepped"},{"time":0.7667,"color":"ffffff00","curve":"stepped"},{"time":1,"color":"ffffffff","curve":"stepped"},{"time":1.2667,"color":"ffffffff","curve":[1.389,1,1.511,1,1.389,1,1.511,1,1.389,1,1.511,1,1.389,1,1.511,0]},{"time":1.6333,"color":"ffffff00"}]}},"bones":{"root":{"rotate":[{"curve":"stepped"},{"time":0.6667}],"translate":[{"curve":"stepped"},{"time":0.6667}],"scale":[{"curve":"stepped"},{"time":0.6667}]},"bone":{"rotate":[{"curve":"stepped"},{"time":0.7667}],"translate":[{"curve":[0.122,0,0.244,300,0.122,0,0.244,0]},{"time":0.3667,"x":300,"curve":"stepped"},{"time":0.6333,"x":300,"curve":"stepped"},{"time":0.7667,"curve":"stepped"},{"time":1,"curve":[1.122,0,1.244,-300,1.122,0,1.244,0]},{"time":1.3667,"x":-300,"curve":"stepped"},{"time":1.6333,"x":-300}],"scale":[{"curve":"stepped"},{"time":0.7667}]},"wrist":{"rotate":[{"curve":"stepped"},{"time":0.6667}],"translate":[{"curve":"stepped"},{"time":0.6667}],"scale":[{"curve":"stepped"},{"time":0.6667}]}}},"Rightandleft2":{"slots":{"wrist":{"rgba":[{"time":0.4,"color":"ffffffff","curve":[0.511,1,0.622,1,0.511,1,0.622,1,0.511,1,0.622,1,0.511,1,0.622,0]},{"time":0.7333,"color":"ffffff00"}]}},"bones":{"root":{"rotate":[{}],"translate":[{}],"scale":[{}]},"bone":{"rotate":[{}],"translate":[{"curve":[0.156,0,0.311,0,0.156,0,0.311,-490.05]},{"time":0.4667,"y":-490.05,"curve":"stepped"},{"time":0.7333,"y":-490.05}],"scale":[{}]},"wrist":{"rotate":[{}],"translate":[{}],"scale":[{}]}}}}}